CAZy,Substrate,Description,Reference
AA10,Cellulose/Chitin,"AA10 (formerly CBM33) proteins are copper-dependent lytic polysaccharide monooxygenases (LPMOs); some proteins have been shown to act on chitin, others on cellulose; lytic cellulose monooxygenase (C1-hydroxylating) (EC 1.14.99.54); lytic cellulose monooxygenase (C4-dehydrogenating)(EC 1.14.99.56); lytic chitin monooxygenase (EC 1.14.99.53); lytic xylan monooxygenase / xylan oxidase (glycosidic bond-cleaving) (EC 1.14.99.-)",Li et al. in prep
AA9,Cellulose,AA9 (formerly GH61) proteins are copper-dependent lytic polysaccharide monooxygenases (LPMOs); cleavage of cellulose chains with oxidation of carbons C1 and/or C4 and C-6); lytic cellulose monooxygenase (C1-hydroxylating) (EC 1.14.99.54); lytic cellulose monooxygenase (C4-dehydrogenating) (EC 1.14.99.56),Li et al. in prep
CBM1,Cellulose,"Modules of approx. 40 residues found almost exclusively in fungi. The cellulose-binding function has been demonstrated in many cases, and appears to be mediated by three aromatic residues separated by about 10.4 angstrom and which form a flat surface. The only non-fungal occurence of CBM1 is in an algal non-hydrolytic polysaccharide-binding protein which is composed of four repeated CBM1 modules. Binding to chitin has been demonstrated in one case.",NA
CBM18,Chitin,"Modules of approx. 40 residues. The chitin-binding function has been demonstrated in many cases. These modules are found attached to a number of chitinase catalytic domains, but also in non-catalytic proteins either in isolation or as multiple repeats.",NA
CBM42,Hemicellulose,Modules of approx. 160 residues found mostly at the C-terminus of GH54 catalytic domains. Binding to arabinofuranose (present in arabinoxylan) has been demonstrated.,NA
CBM43,Glucan,"Modules of approx. 90-100 residues found at the C-terminus of GH17 or GH72 enzymatic modules and also sometimes isolated. CBM43 modules sometimes carry a C-terminal membrane anchor. The beta-1,3-glucan binding function has been demonstrated with the olive pollen protein Ole e 10.",NA
CBM48,Glycogen,"Modules of approx. 100 residues with glycogen-binding function, appended to GH13 modules. Also found in the beta subunit (glycogen-binding) of AMP-activated protein kinases (AMPK)",NA
CBM50,Chitin,"Modules of approx. 50 residues found attached to various enzymes from families GH18, GH19, GH23, GH24, GH25 and GH73, i.e. enzymes cleaving either chitin or peptidoglycan. Binding to chitopentaose demonstrated in the case of Pteris ryukyuensis chitinase A [Ohnuma T et al. (2008) J. Biol. Chem. 283:5178-87 (PMID: 18083709)]. CBM50 modules are also found in a multitude of other enzymes targeting the petidoglycan such as peptidases and amidases. These enzymes are not reported in the list below.",NA
CBM6,Cellulose/Hemicellulose,"Modules of approx. 120 residues. The cellulose-binding function has been demonstrated in one case on amorphous cellulose and beta-1,4-xylan. Some of these modules also bind beta-1,3-glucan, beta-1,3-1,4-glucan, and beta-1,4-glucan.",NA
CBM73,Chitin,Modules of approx 65 residues found on various enzymes active of chitin. Chitin-binding function demonstrated for the Cellvibrio japonicus CjLPMO10A protein.,NA
GH1,Oligosaccharides,"beta-glucosidase (EC 3.2.1.21); beta-galactosidase (EC 3.2.1.23); beta-mannosidase (EC 3.2.1.25); beta-glucuronidase (EC 3.2.1.31); beta-xylosidase (EC 3.2.1.37); beta-D-fucosidase (EC 3.2.1.38); phlorizin hydrolase (EC 3.2.1.62); exo-beta-1,4-glucanase (EC 3.2.1.74); 6-phospho-beta-galactosidase (EC 3.2.1.85); 6-phospho-beta-glucosidase (EC 3.2.1.86); strictosidine beta-glucosidase (EC 3.2.1.105); lactase (EC 3.2.1.108); amygdalin beta-glucosidase (EC 3.2.1.117); prunasin beta-glucosidase (EC 3.2.1.118); vicianin hydrolase (EC 3.2.1.119); raucaffricine beta-glucosidase (EC 3.2.1.125); thioglucosidase (EC 3.2.1.147); beta-primeverosidase (EC 3.2.1.149); isoflavonoid 7-O-beta-apiosyl-beta-glucosidase (EC 3.2.1.161); ABA-specific beta-glucosidase (EC 3.2.1.175); DIMBOA beta-glucosidase (EC 3.2.1.182); beta-glycosidase (EC 3.2.1.-); hydroxyisourate hydrolase (EC 3.-.-.-); beta-rutinosidase /alpha-L-rhamnose-(1,6)-beta-D-glucosidase (EC 3.2.1.-)",Berlemont and Martiny 2015
GH105,Hemicellulose,"unsaturated rhamnogalacturonyl hydrolase (EC 3.2.1.172); d-4,5-unsaturated beta-glucuronyl hydrolase (EC 3.2.1.-); d-4,5-unsaturated alpha-galacturonidase (EC 3.2.1.-)",NA
GH116,Cellulose/Hemicellulose,beta-glucosidase (EC 3.2.1.21); beta-xylosidase (EC 3.2.1.37); acid beta-glucosidase/beta-glucosylceramidase (EC 3.2.1.45); beta-N-acetylglucosaminidase (EC 3.2.1.52),NA
GH12,Cellulose,"endoglucanase (EC 3.2.1.4); xyloglucan hydrolase (EC 3.2.1.151); beta-1,3-1,4-glucanase (EC 3.2.1.73); xyloglucan endotransglycosylase (EC 2.4.1.207)","Berlemont and Martiny 2015, Nguyen et al. 2018"
GH13,Starch/Glycogen,"alpha-amylase (EC 3.2.1.1); pullulanase (EC 3.2.1.41); cyclomaltodextrin glucanotransferase (EC 2.4.1.19); cyclomaltodextrinase (EC 3.2.1.54); trehalose-6-phosphate hydrolase (EC 3.2.1.93); oligo-alpha-glucosidase (EC 3.2.1.10); maltogenic amylase (EC 3.2.1.133); neopullulanase (EC 3.2.1.135); alpha-glucosidase (EC 3.2.1.20); maltotetraose-forming alpha-amylase (EC 3.2.1.60); isoamylase (EC 3.2.1.68); glucodextranase (EC 3.2.1.70); maltohexaose-forming alpha-amylase (EC 3.2.1.98); maltotriose-forming alpha-amylase (EC 3.2.1.116); branching enzyme (EC 2.4.1.18); trehalose synthase (EC 5.4.99.16); 4-alpha-glucanotransferase (EC 2.4.1.25); maltopentaose-forming alpha-amylase (EC 3.2.1.-) ; amylosucrase (EC 2.4.1.4) ; sucrose phosphorylase (EC 2.4.1.7); malto-oligosyltrehalose trehalohydrolase (EC 3.2.1.141); isomaltulose synthase (EC 5.4.99.11); malto-oligosyltrehalose synthase (EC 5.4.99.15); amylo-alpha-1,6-glucosidase (EC 3.2.1.33); alpha-1,4-glucan: phosphate alpha-maltosyltransferase (EC 2.4.99.16); amino acid transporter; [retaining] sucrose 6(F)-phosphate phosphorylase (EC 2.4.1.329); [retaining] glucosylglycerol phosphorylase (EC 2.4.1.359); ; Glucosylglycerate phosphorylase (EC 2.4.1.352); [retaining] sucrose alpha-glucosidase (EC 3.2.1.48); oligosaccharide alpha-4-glucosyltransferase (EC 2.4.1.161)",Berlemont and Martiny 2015
GH14,Starch/Glycogen,beta-amylase (EC 3.2.1.2),Berlemont and Martiny 2015
GH15,Starch/Glycogen,"glucoamylase (EC 3.2.1.3); glucodextranase (EC 3.2.1.70); alpha,alpha-trehalase (EC 3.2.1.28); dextran dextrinase (EC 2.4.1.2)",Berlemont and Martiny 2015
GH16,O.Plant.Polysac.,"xyloglucan:xyloglucosyltransferase (EC 2.4.1.207); keratan-sulfate endo-1,4-beta-galactosidase (EC 3.2.1.103); endo-1,3-beta-glucanase / laminarinase (EC 3.2.1.39); endo-1,3(4)-beta-glucanase (EC 3.2.1.6); licheninase (EC 3.2.1.73); beta-agarase (EC 3.2.1.81); kappa;-carrageenase (EC 3.2.1.83); xyloglucanase (EC 3.2.1.151); endo-beta-1,3-galactanase (EC 3.2.1.181); [retaining] beta-porphyranase (EC 3.2.1.178); hyaluronidase (EC 3.2.1.35); endo-beta-1,4-galactosidase (EC 3.2.1.-); chitin beta-1,6-glucanosyltransferase (EC 2.4.1.-); beta-transglycosidase (EC 2.4.1.-); beta-glycosidase (EC 3.2.1.-); beta-carrageenase (EC 3.2.1.-)",Berlemont and Martiny 2015
GH17,Glucan,"glucan endo-1,3-beta-glucosidase (EC 3.2.1.39); licheninase (EC 3.2.1.73); ABA-specific beta-glucosidase (EC 3.2.1.175); beta-1,3-glucanosyltransglycosylase (EC 2.4.1.-); beta-1,3-glucosidase (EC 3.2.1.-)",L¨®pez-Mond¨¦jar et al. 2020
GH18,Chitin,chitinase (EC 3.2.1.14); lysozyme (EC 3.2.1.17); endo-beta-N-acetylglucosaminidase (EC 3.2.1.96); peptidoglycan hydrolase with endo-beta-N-acetylglucosaminidase specificity (EC 3.2.1.-); Nod factor hydrolase (EC 3.2.1.-); xylanase inhibitor; concanavalin B; narbonin,"Berlemont and Martiny 2015, Nguyen et al. 2024"
GH19,Chitin,chitinase (EC 3.2.1.14); lysozyme (EC 3.2.1.17),"Berlemont and Martiny 2015, Nguyen et al. 2025"
GH20,Oligosaccharides,"beta-hexosaminidase (EC 3.2.1.52); lacto-N-biosidase (EC 3.2.1.140); beta-1,6-N-acetylglucosaminidase (EC 3.2.1.-); beta-6-SO3-N-acetylglucosaminidase (EC 3.2.1.-)",Berlemont and Martiny 2015
GH26,O.Plant.Polysac.,"beta-mannanase (EC 3.2.1.78); exo-beta-1,4-mannobiohydrolase (EC 3.2.1.100); beta-1,3-xylanase (EC 3.2.1.32); lichenase / endo-beta-1,3-1,4-glucanase (EC 3.2.1.73); mannobiose-producing exo-beta-mannanase (EC 3.2.1.-)",Berlemont and Martiny 2015
GH28,O.Plant.Polysac.,"polygalacturonase (EC 3.2.1.15); exo-polygalacturonase (EC 3.2.1.67); exo-polygalacturonosidase (EC 3.2.1.82); rhamnogalacturonase (EC 3.2.1.171); rhamnogalacturonan alpha-1,2-galacturonohydrolase (EC 3.2.1.173); xylogalacturonan hydrolase (EC 3.2.1.-)",Berlemont and Martiny 2015
GH29,Mixed,"alpha-L-fucosidase (EC 3.2.1.51); alpha-1,3/1,4-L-fucosidase (EC 3.2.1.111)",Berlemont and Martiny 2015
GH3,Oligosaccharides,"beta-glucosidase (EC 3.2.1.21); xylan 1,4-beta-xylosidase (EC 3.2.1.37); beta-glucosylceramidase (EC 3.2.1.45); beta-N-acetylhexosaminidase (EC 3.2.1.52); alpha-L-arabinofuranosidase (EC 3.2.1.55); glucan 1,4-beta-glucosidase (EC 3.2.1.74); isoprimeverose-producing oligoxyloglucan hydrolase (EC 3.2.1.120); coniferin beta-glucosidase (EC 3.2.1.126); exo-1,3-1,4-glucanase (EC 3.2.1.-); beta-N-acetylglucosaminide phosphorylases (EC 2.4.1.-); beta-1,2-glucosidase (EC 3.2.1.-); beta-1,3-glucosidase (EC 3.2.1.-); xyloglucan-specific exo-beta-1,4-glucanase / exo-xyloglucanase (EC 3.2.1.155)",Berlemont and Martiny 2015
GH30,Xylan,"endo-beta-1,4-xylanase (EC 3.2.1.8); beta-glucosidase (3.2.1.21); beta-glucuronidase (EC 3.2.1.31); beta-xylosidase (EC 3.2.1.37); beta-fucosidase (EC 3.2.1.38); glucosylceramidase (EC 3.2.1.45); beta-1,6-glucanase (EC 3.2.1.75); glucuronoarabinoxylan endo-beta-1,4-xylanase (EC 3.2.1.136); endo-beta-1,6-galactanase (EC:3.2.1.164); [reducing end] beta-xylosidase (EC 3.2.1.-)","Berlemont and Martiny 2015, Nguyen et al. 2025"
GH31,Oligosaccharides,"alpha-glucosidase (EC 3.2.1.20); alpha-galactosidase (EC 3.2.1.22); alpha-mannosidase (EC 3.2.1.24); alpha-1,3-glucosidase (EC 3.2.1.84); sucrase-isomaltase (EC 3.2.1.48) (EC 3.2.1.10); alpha-xylosidase (EC 3.2.1.177); alpha-glucan lyase (EC 4.2.2.13); isomaltosyltransferase (EC 2.4.1.-); oligosaccharide alpha-1,4-glucosyltransferase (EC 2.4.1.161); sulfoquinovosidase (EC 3.2.1.-); alpha-N-acetylgalactosaminidase (EC 3.2.1.49); ; sulfoquinovosidase (EC 3.2.1.199)",Berlemont and Martiny 2015
GH32,Fructan,"invertase (EC 3.2.1.26); endo-inulinase (EC 3.2.1.7); beta-2,6-fructan 6-levanbiohydrolase (EC 3.2.1.64); endo-levanase (EC 3.2.1.65); exo-inulinase (EC 3.2.1.80); fructan beta-(2,1)-fructosidase/1-exohydrolase (EC 3.2.1.153); fructan beta-(2,6)-fructosidase/6-exohydrolase (EC 3.2.1.154); sucrose:sucrose 1-fructosyltransferase (EC 2.4.1.99); fructan:fructan 1-fructosyltransferase (EC 2.4.1.100); sucrose:fructan 6-fructosyltransferase (EC 2.4.1.10); fructan:fructan 6G-fructosyltransferase (EC 2.4.1.243); levan fructosyltransferase (EC 2.4.1.-); [retaining] sucrose:sucrose 6-fructosyltransferase (6-SST) (EC 2.4.1.-); cycloinulo-oligosaccharide fructanotransferase (EC 2.4.1.-)",Berlemont and Martiny 2015
GH33,Glycan,sialidase or neuraminidase (EC 3.2.1.18); trans-sialidase (EC 2.4.1.-); anhydrosialidase (EC 4.2.2.15); Kdo hydrolase (EC 3.2.1.-); 2-keto-3-deoxynononic acid hydrolase / KDNase (EC 3.2.1.-),NA
GH37,Trehalose,"alpha,alpha-trehalase (EC 3.2.1.28).",NA
GH38,O.Ani.Polysac.,"alpha-mannosidase (EC 3.2.1.24); mannosyl-oligosaccharide alpha-1,2-mannosidase (EC 3.2.1.113); mannosyl-oligosaccharide alpha-1,3-1,6-mannosidase (EC 3.2.1.114); alpha-2-O-mannosylglycerate hydrolase (EC 3.2.1.170); mannosyl-oligosaccharide alpha-1,3-mannosidase (EC 3.2.1.-)",Berlemont and Martiny 2015
GH43,O.Plant.Polysac.,"beta-xylosidase (EC 3.2.1.37); alpha-L-arabinofuranosidase (EC 3.2.1.55); xylanase (EC 3.2.1.8); alpha-1,2-L-arabinofuranosidase (EC 3.2.1.-); exo-alpha-1,5-L-arabinofuranosidase (EC 3.2.1.-); [inverting] exo-alpha-1,5-L-arabinanase (EC 3.2.1.-); beta-1,3-xylosidase (EC 3.2.1.-); [inverting] exo-alpha-1,5-L-arabinanase (EC 3.2.1.-); [inverting] endo-alpha-1,5-L-arabinanase (EC 3.2.1.99); exo-beta-1,3-galactanase (EC 3.2.1.145); beta-D-galactofuranosidase (EC 3.2.1.146)",Berlemont and Martiny 2015
GH47,Glycan,alpha-mannosidase (EC 3.2.1.113),NA
GH5,Cellulose,"endo-beta-1,4-glucanase / cellulase (EC 3.2.1.4); endo-beta-1,4-xylanase (EC 3.2.1.8); beta-glucosidase (EC 3.2.1.21); beta-mannosidase (EC 3.2.1.25); beta-glucosylceramidase (EC 3.2.1.45); glucan beta-1,3-glucosidase (EC 3.2.1.58); exo-beta-1,4-glucanase / cellodextrinase (EC 3.2.1.74); glucan endo-1,6-beta-glucosidase (EC 3.2.1.75); mannan endo-beta-1,4-mannosidase (EC 3.2.1.78); cellulose beta-1,4-cellobiosidase (EC 3.2.1.91); steryl beta-glucosidase (EC 3.2.1.104); endoglycoceramidase (EC 3.2.1.123); chitosanase (EC 3.2.1.132); beta-primeverosidase (EC 3.2.1.149); xyloglucan-specific endo-beta-1,4-glucanase (EC 3.2.1.151); endo-beta-1,6-galactanase (EC 3.2.1.164); beta-1,3-mannanase (EC 3.2.1.-); arabinoxylan-specific endo-beta-1,4-xylanase (EC 3.2.1.-); mannan transglycosylase (EC 2.4.1.-); lichenase / endo-beta-1,3-1,4-glucanase (EC 3.2.1.73); beta-glycosidase (EC 3.2.1.-); endo-beta-1,3-glucanase / laminarinase (EC 3.2.1.39); beta-N-acetylhexosaminidase (EC 3.2.1.52); chitosanase (EC 3.2.1.132); beta-D-galactofuranosidase (EC 3.2.1.146); beta-galactosylceramidase (EC 3.2.1.46); ; beta-rutinosidase /alpha-L-rhamnose-(1,6)-beta-D-glucosidase (EC 3.2.1.-); alpha-L-arabinofuranosidase (EC 3.2.1.55)","Berlemont and Martiny 2015, Nguyen et al. 2022"
GH51,Glucan/Hemicellulose,"endoglucanase (EC 3.2.1.4); endo-beta-1,4-xylanase (EC 3.2.1.8); beta-xylosidase (EC 3.2.1.37); alpha-L-arabinofuranosidase (EC 3.2.1.55); lichenase / endo-beta-1,3-1,4-glucanase (EC 3.2.1.73)",NA
GH54,Hemicellulose,alpha-L-arabinofuranosidase (EC 3.2.1.55); beta-xylosidase (EC 3.2.1.37).,NA
GH59,Mixed,beta-galactosidase (EC 3.2.1.23); galactocerebrosidase (EC 3.2.1.46),Berlemont and Martiny 2015
GH6,Cellulose,"endoglucanase (EC 3.2.1.4); cellobiohydrolase (EC 3.2.1.91); lichenase / endo-beta-1,3-1,4-glucanase (EC 3.2.1.73); lichenase / endo-beta-1,3-1,4-glucanase (EC 3.2.1.73);","Berlemont and Martiny 2015, Nguyen et al. 2023"
GH66,Dextran,cycloisomaltooligosaccharide glucanotransferase (EC 2.4.1.248); dextranase (EC 3.2.1.11).,Berlemont and Martiny 2015
GH7,Cellulose,"endo-beta-1,4-glucanase (EC 3.2.1.4); reducing end-acting cellobiohydrolase (EC 3.2.1.176); chitosanase (EC 3.2.1.132); endo-beta-1,3-1,4-glucanase (EC 3.2.1.73)",Nguyen et al. 2018
GH73,Peptidoglycan,lysozyme (EC 3.2.1.17); mannosyl-glycoprotein endo-beta-N-acetylglucosaminidase (EC 3.2.1.96); peptidoglycan hydrolase with endo-beta-N-acetylglucosaminidase specificity  (EC 3.2.1.-),"L¨®pez-Mond¨¦jar et al. 2020, Nguyen et al. 2025"
GH74,Glucan,endoglucanase (EC 3.2.1.4); oligoxyloglucan reducing end-specific cellobiohydrolase (EC 3.2.1.150); xyloglucanase (EC 3.2.1.151),NA
GH76,Mixed,"alpha-1,6-mannanase (EC 3.2.1.101); alpha-glucosidase (EC 3.2.1.20)",Berlemont and Martiny 2015
GH79,Glucan,beta-glucuronidase (EC 3.2.1.31); hyaluronoglucuronidase (EC 3.2.1.36); heparanase (EC 3.2.1.166); baicalin beta-glucuronidase (EC 3.2.1.167); beta-4-O-methyl-glucuronidase (EC 3.2.1.-),NA
GH88,O.Ani.Polysac.,"d-4,5-unsaturated beta-glucuronyl hydrolase (EC 3.2.1.-)",Berlemont and Martiny 2015
GH9,Cellulose,"endoglucanase (EC 3.2.1.4); endo-beta-1,3(4)-glucanase / lichenase-laminarinase (EC 3.2.1.6);  beta-glucosidase (EC 3.2.1.21); lichenase / endo-beta-1,3-1,4-glucanase (EC 3.2.1.73); exo-beta-1,4-glucanase / cellodextrinase (EC 3.2.1.74); cellobiohydrolase (EC 3.2.1.91); xyloglucan-specific endo-beta-1,4-glucanase / endo-xyloglucanase (EC 3.2.1.151); exo-beta-glucosaminidase (EC 3.2.1.165); endo-beta-1,4-glucanase (xanthanase) (EC 3.2.1.-)","Berlemont and Martiny 2015, Nguyen et al. 2024"
GH95,Mixed,"alpha-L-fucosidase (EC 3.2.1.51); alpha-1,2-L-fucosidase (EC 3.2.1.63); alpha-L-galactosidase (EC 3.2.1.-)",NA
PL4,O.Plant.Polysac.,rhamnogalacturonan endolyase (EC 4.2.2.23).,NA
CE1,Carbohydrate esterases,acetyl xylan esterase (EC 3.1.1.72); cinnamoyl esterase (EC 3.1.1.-); feruloyl esterase (EC 3.1.1.73); carboxylesterase (EC 3.1.1.1); S-formylglutathione hydrolase (EC 3.1.2.12); diacylglycerol O-acyltransferase (EC 2.3.1.20); trehalose 6-O-mycolyltransferase (EC 2.3.1.122),
CE10,Carbohydrate esterases,arylesterase (EC 3.1.1.-);  carboxyl esterase (EC 3.1.1.3); acetylcholinesterase (EC 3.1.1.7); cholinesterase (EC 3.1.1.8); sterol esterase (EC 3.1.1.13); brefeldin A esterase (EC 3.1.1.-).,
GT1,Glycosyltransferases,UDP-glucuronosyltransferase (EC 2.4.1.17); zeatin O-beta-xylosyltransferase (EC 2.4.2.40); 2-hydroxyacylsphingosine 1-beta-galactosyltransferase (EC 2.4.1.45); N-acylsphingosine galactosyltransferase (EC 2.4.1.47); flavonol 3-O-glucosyltransferase (EC 2.4.1.91); anthocyanidin 3-O-glucosyltransferase (EC 2.4.1.115); sinapate 1-glucosyltransferase (EC 2.4.1.120); indole-3-acetate beta-glucosyltransferase (EC 2.4.1.121); flavonol L-rhamnosyltransferase (EC 2.4.1.159); sterol glucosyltransferase (EC 2.4.1.173); UDP-Glc: 4-hydroxybenzoate 4-O-beta-glucosyltransferase (EC 2.4.1.194); zeatin O-beta-glucosyltransferase (EC 2.4.1.203); limonoid glucosyltransferase (EC 2.4.1.210); UDP-GlcA: baicalein 7-O-beta-glucuronosyltransferase (EC 2.4.1.253); UDP-Glc: chalcone 4'-O-beta-glucosyltransferase (EC 2.4.1.286); ecdysteroid UDP-glucosyltransferase (EC 2.4.1.-); salicylic acid beta-glucosyltransferase (EC 2.4.1.-); anthocyanin 3-O-galactosyltransferase (EC 2.4.1.-); anthocyanin 5-O-glucosyltransferase (EC 2.4.1.-); dTDP-beta-2-deoxy-L-fucose: alpha-L-2-deoxyfucosyltransferase (EC 2.4.1.-); UDP-beta-L-rhamnose: alpha-L-rhamnosyltransferase (EC 2.4.1.-); zeaxanthin glucosyltransferase (EC 2.4.1.-); flavone 8-C-glycosyltransferase; UDP-Glc: flavone-6-C-glucosytransferase (EC 2.4.1.-); UDP-Glc: cinnamate beta-glucosyltransferase (EC 2.4.1.177); UDP-Glc: hydroxycinnamic acid O-beta-glucosyltransferase (EC 2.4.1.-); UDP-Glc: cinnamoyl O-beta-glucosyltransferase (EC 2.4.1.-),
GT15,Glycosyltransferases,"glycolipid 2-alpha-mannosyltransferase (EC 2.4.1.131); GDP-Man: alpha-1,2-mannosyltransferase (EC 2.4.1.-).",
GT16,Glycosyltransferases,"alpha-1,6-mannosyl-glycoprotein beta-1,2-N-acetylglucosaminyltransferase (EC 2.4.1.143).",
GT17,Glycosyltransferases,"beta-1,4-mannosyl-glycoprotein beta-1,4-N-acetylglucosaminyltransferase (EC 2.4.1.144).",
GT18,Glycosyltransferases,"alpha-1,3(6)-mannosylglycoprotein beta-1,6-N-acetyl-glucosaminyltransferase (EC 2.4.1.155).",
GT2,Glycosyltransferases,"cellulose synthase (EC 2.4.1.12); chitin synthase (EC 2.4.1.16); dolichyl-phosphate beta-D-mannosyltransferase (EC 2.4.1.83); dolichyl-phosphate beta-glucosyltransferase (EC 2.4.1.117); N-acetylglucosaminyltransferase (EC 2.4.1.-); N-acetylgalactosaminyltransferase (EC 2.4.1.-); hyaluronan synthase (EC 2.4.1.212); chitin oligosaccharide synthase (EC 2.4.1.-); beta-1,3-glucan synthase (EC 2.4.1.34); beta-1,4-mannan synthase (EC 2.4.1.-); beta-mannosylphosphodecaprenol-mannooligosaccharide alpha-1,6-mannosyltransferase (EC 2.4.1.199); UDP-Galf: rhamnopyranosyl-N-acetylglucosaminyl-PP-decaprenol beta-1,4/1,5-galactofuranosyltransferase (EC 2.4.1.287); UDP-Galf: galactofuranosyl-galactofuranosyl-rhamnosyl-N-acetylglucosaminyl-PP-decaprenol beta-1,5/1,6-galactofuranosyltransferase (EC 2.4.1.288); dTDP-L-Rha: N-acetylglucosaminyl-PP-decaprenol alpha-1,3-L-rhamnosyltransferase (EC 2.4.1.289); alternating beta-1,3/4-N-acetylmannan synthase (2.4.1.-)",
GT20,Glycosyltransferases,"alpha,alpha-trehalose-phosphate synthase [UDP-forming] (EC 2.4.1.15); Glucosylglycerol-phosphate synthase (EC 2.4.1.213); trehalose-6-P phosphatase (EC 3.1.3.12); [retaining] GDP-valeniol: validamine 7-phosphate valeniolyltransferase (EC 2.-.-.-)",
GT21,Glycosyltransferases,UDP-Glc: ceramide beta-glucosyltransferase (EC 2.4.1.80).,
GT22,Glycosyltransferases,"Dol-P-Man: Man6GlcNAc2-PP-Dol alpha-1,2-mannosyltransferase (EC 2.4.1.259); Dol-P-Man: Man8GlcNAc2-PP-Dol alpha-1,2-mannosyltransferase (EC 2.4.1.261); Dol-P-Man: Man2-GlcNAc-phosphatidylinositol alpha-1,2-mannosyltransferase (EC 2.4.1.-); Dol-P-Man: Man3-GlcNAc-phosphatidylinositol alpha-1,2-mannosyltransferase (EC 2.4.1.-)",
GT24,Glycosyltransferases,UDP-Glc: glycoprotein alpha-glucosyltransferase (EC 2.4.1.-).,
GT25,Glycosyltransferases,"lipopolysaccharide beta-1,4-galactosyltransferase (EC 2.4.1.-); beta-1,3-glucosyltransferase (EC 2.4.1.-); beta-1,2-glucosyltransferase (EC 2.4.1.-); beta-1,2-galactosyltransferase (EC 2.4.1.-); LPS beta-1,4-galactosyltransferase (EC 2.4.1.-); occidiofungin beta-xylosyltransferase (EC 2.4.2.-); UDP-Gal:procollagen beta-galactosyltransferase (EC 2.4.1.50)",
GT28,Glycosyltransferases,"1,2-diacylglycerol 3-beta-galactosyltransferase (EC 2.4.1.46); 1,2-diacylglycerol 3-beta-glucosyltransferase (EC 2.4.1.157);  UDP-GlcNAc: Und-PP-MurAc-pentapeptide beta-N-acetylglucosaminyltransferase (EC 2.4.1.227); digalactosyldiacylglycerol synthase (EC 2.4.1.241)",
GT3,Glycosyltransferases,glycogen synthase (EC 2.4.1.11).,
GT31,Glycosyltransferases,"N-acetyllactosaminide beta-1,3-N-acetylglucosaminyltransferase (EC 2.4.1.149); Glycoprotein-N-acetylgalactosamine 3-beta-galactosyltransferase (EC 2.4.1.122); fucose-specific beta-1,3-N-acetylglucosaminyltransferase (EC 2.4.1.-); globotriosylceramide beta-1,3-GalNAc transferase (EC 2.4.1.79); chondroitin synthase (beta-1,3-GlcUA and beta-1,4-GalNAc transferase (EC 2.4.1.175); chondroitin beta-1,3-glucuronyltransferase (EC 2.4.1.226); chondroitin beta-1,4-N-acetylgalactosaminyltransferase (EC 2.4.1.-); UDP-Gal: beta-galactosylxylosylprotein beta-1,3-galactosyltransferase (EC 2.4.1.134); UDP-GlcNAc: O-fucosylpeptide beta-1,3-N-acetylglucosaminyltransferase (EC 2.4.1.222)",
GT32,Glycosyltransferases,"alpha-1,6-mannosyltransferase (EC 2.4.1.-); alpha-1,4-N-acetylglucosaminyltransferase (EC 2.4.1.-); alpha-1,4-N-acetylgalactosaminyltransferase (EC 2.4.1.-); GDP-Man: inositol-phosphorylceramide transferase (EC 2.4.1.-); UDP-Gal: beta-galactoside alpha-1,4-galactosyltransferase (EC 2.4.1.-); UDP-Gal: lactose/N-acetyl-lactosamine alpha-1,4-galactosyltransferase (EC 2.4.1.-); UDP-Glc: protein alpha-glucosyltransferase (EC 2.4.1.-)",
GT33,Glycosyltransferases,GDP-Man: chitobiosyldiphosphodolichol beta-mannosyltransferase (EC 2.4.1.142).,
GT34,Glycosyltransferases,"UDP-Gal: galactomannan alpha-1,6-galactosyltransferase (EC 2.4.1.-); UDP-Xyl: xyloglucan alpha-1,6-xylosyltransferase (EC 2.4.2.39); alpha-1,2-galactosyltransferase (EC 2.4.1.-)",
GT35,Glycosyltransferases,glycogen or starch phosphorylase (EC 2.4.1.1).,
GT37,Glycosyltransferases,galactoside 2-L-fucosyltransferase (EC 2.4.1.69),
GT39,Glycosyltransferases,Dol-P-Man: protein alpha-mannosyltransferase (EC 2.4.1.109),
GT4,Glycosyltransferases,"sucrose synthase (EC 2.4.1.13); sucrose-phosphate synthase (EC 2.4.1.14); alpha-glucosyltransferase (EC 2.4.1.52); lipopolysaccharide N-acetylglucosaminyltransferase (EC 2.4.1.56); phosphatidylinositol alpha-mannosyltransferase (EC 2.4.1.57); GDP-Man: Man1GlcNAc2-PP-dolichol alpha-1,3-mannosyltransferase (EC 2.4.1.132); GDP-Man: Man3GlcNAc2-PP-dolichol/Man4GlcNAc2-PP-dolichol alpha-1,2-mannosyltransferase (EC 2.4.1.131); digalactosyldiacylglycerol synthase (EC 2.4.1.141); 1,2-diacylglycerol 3-glucosyltransferase (EC 2.4.1.157);  diglucosyl diacylglycerol synthase (EC 2.4.1.208); trehalose phosphorylase (EC 2.4.1.231); NDP-Glc: alpha-glucose alpha-glucosyltransferase / alpha,alpha-trehalose synthase (EC 2.4.1.245); GDP-Man: Man2GlcNAc2-PP-dolichol alpha-1,6-mannosyltransferase (EC 2.4.1.257); UDP-GlcNAc: 2-deoxystreptamine alpha-N-acetylglucosaminyltransferase (EC 2.4.1.283); UDP-GlcNAc: ribostamycin alpha-N-acetylglucosaminyltransferase (EC 2.4.1.285); UDP-Gal alpha-galactosyltransferase (EC 2.4.1.-); UDP-Xyl alpha-xylosyltransferase (EC 2.4.2.-); UDP-GlcA alpha-glucuronyltransferase (EC 2.4.1.-); UDP-Glc alpha-glucosyltransferase (EC 2.4.1.-); UDP-GalNAc: GalNAc-PP-Und alpha-1,3-N-acetylgalactosaminyltransferase (EC 2.4.1.306); UDP-GalNAc: N,N'-diacetylbacillosaminyl-PP-Und alpha-1,3-N-acetylgalactosaminyltransferase (EC 2.4.1.290); ADP-dependent alpha-maltose-1-phosphate synthase (2.4.1.342)",
GT41,Glycosyltransferases,UDP-GlcNAc: peptide beta-N-acetylglucosaminyltransferase (EC 2.4.1.255); UDP-Glc: peptide N-beta-glucosyltransferase (EC 2.4.1.-),
GT43,Glycosyltransferases,"beta-glucuronyltransferase (EC 2.4.1.135); UDP-Xyl: xylan  beta-1,4-xylosyltransferase (EC 2.4.2.-)",
GT47,Glycosyltransferases,heparan beta-glucuronyltransferase (EC 2.4.1.225); xyloglucan beta-galactosyltransferase (EC 2.4.1.-); heparan synthase (EC 2.4.1.-); arabinan alpha-L-arabinosyltransferase (EC 2.4.2.-).,
GT48,Glycosyltransferases,"1,3-beta-glucan synthase (EC 2.4.1.34)",
GT5,Glycosyltransferases,"UDP-Glc: glycogen glucosyltransferase (EC 2.4.1.11); ADP-Glc: starch glucosyltransferase (EC 2.4.1.21); NDP-Glc: starch glucosyltransferase (EC 2.4.1.242); UDP-Glc: alpha-1,3-glucan synthase (EC 2.4.1.183) UDP-Glc: alpha-1,4-glucan synthase (EC 2.4.1.-)",
GT50,Glycosyltransferases,"Dol-P-Man alpha-1,4-mannosyltransferase (EC 2.4.1.-)",
GT51,Glycosyltransferases,murein polymerase (EC 2.4.1.129).,
GT54,Glycosyltransferases,"UDP-GlcNAc: alpha-1,3-D-mannoside beta-1,4-N-acetylglucosaminyltransferase (EC 2.4.1.145)",
GT57,Glycosyltransferases,"Dol-P-Glc: alpha-1,3-glucosyltransferase (EC 2.4.1.-)",
GT58,Glycosyltransferases,"Dol-P-Man: Man5GlcNAc2-PP-Dol alpha-1,3-mannosyltransferase (EC 2.4.1.258)",
GT59,Glycosyltransferases,"Dol-P-Glc: Glc2Man9GlcNAc2-PP-Dol alpha-1,2-glucosyltransferase (EC 2.4.1.256)",
GT61,Glycosyltransferases,"beta-1,2-xylosyltransferase (EC 2.4.2.38) ; protein O-beta-N-acetylglucosaminyltransferase (EC 2.4.1.94) ; xylan alpha-1,3-arabinofuranosyltransferase (EC 2.4.2.-) ;",
GT62,Glycosyltransferases,"alpha-1,2-mannosyltransferase (EC 2.4.1.-); alpha-1,6-mannosyltransferase (EC 2.4.1.-)",
GT64,Glycosyltransferases,UDP-GlcNAc: heparan alpha-N-acetylhexosaminyltransferase (EC 2.4.1.224),
GT66,Glycosyltransferases,dolichyl-diphosphooligosaccharide-protein glycotransferase (EC 2.4.99.18); undecaprenyl-diphosphooligosaccharide-protein glycotransferase (EC 2.4.99.19),
GT69,Glycosyltransferases,"GDP-Man: alpha-1,3-mannosyltransferase (EC 2.4.1.-)",
GT7,Glycosyltransferases,"lactose synthase (EC 2.4.1.22); beta-N-acetylglucosaminyl-glycopeptide beta-1,4-galactosyltransferase (EC 2.4.1.38); N-acetyllactosamine synthase (EC 2.4.1.90); xylosylprotein beta-4-galactosyltransferase (EC 2.4.1.133); UDP-Gal: neolactotriaosylceramide beta-1,4-galactosyltransferase (EC 2.4.1.275); beta-1,4-N-acetylglucosaminyltransferase (EC 2.4.1.-); UDP-GalNAc: beta-1,3-glucuronyl-N-acetylgalactosaminyl-proteoglycan beta-1,4-N-acetylgalactosaminyltransferase (EC 2.4.1.175); UDP-GalNAc: beta-1,3-glucuronyl-galactosylproteoglycan beta-1,4-N-acetylgalactosaminyltransferase (EC 2.4.1.174); UDP-GlcA: N-acetylgalactosaminyl-proteoglycan beta-1,3-glucuronosyltransferase (EC 2.4.1.226); UDP-GalNAc: beta-1,4-N-acetylgalactosaminyltransferase (EC 2.4.1.-); UDP-GlcNAc: N-acetylglucosamine-beta-1,4-N-acetylglucosaminyltransferase (EC 2.4.1.-)",
GT71,Glycosyltransferases,alpha-mannosyltransferase (EC 2.4.1.-),
GT75,Glycosyltransferases,UDP-Glc: self-glucosylating beta-glucosyltransferase (EC 2.4.1.-); UDP-L-arabinopyranose mutase (EC 5.4.99.-),
GT76,Glycosyltransferases,"Dol-P-Man: alpha-1,6-mannosyltransferase (EC 2.4.1.-)",
GT8,Glycosyltransferases,"lipopolysaccharide alpha-1,3-galactosyltransferase (EC 2.4.1.44);  UDP-Glc: (glucosyl)lipopolysaccharide alpha-1,2-glucosyltransferase (EC 2.4.1.-); lipopolysaccharide glucosyltransferase 1 (EC 2.4.1.58); glycogenin glucosyltransferase (EC 2.4.1.186); inositol 1-alpha-galactosyltransferase (galactinol synthase) (EC 2.4.1.123); homogalacturonan alpha-1,4-galacturonosyltransferase (EC 2.4.1.43); UDP-GlcA: xylan alpha-glucuronyltransferase (EC 2.4.1.-); UDP-Gal:glucoside alpha-1,3-galactosyltransferase (EC 2.4.1.-)",
GT95,Glycosyltransferases,UDP-beta-L-Araf:hydroxyproline beta-L-arabinofuranosyltransferase (EC 2.4.2.-);,
